{"_type":"export","__export_format":4,"__export_date":"2023-05-19T17:21:35.405Z","__export_source":"insomnia.desktop.app:v2023.2.0","resources":[{"_id":"req_562cecb37e83411aadf24b6ada30b891","parentId":"wrk_b8da6bb7d7714fca9693131cd6d34a7c","modified":1670022539533,"created":1670022284881,"url":"http://localhost:8080/api/roles","name":"ROLE_USER Save","description":"","method":"POST","body":{"mimeType":"application/json","text":"{\n\t\"name\": \"ROLE_USER\"\n}"},"parameters":[],"headers":[{"name":"Content-Type","value":"application/json"}],"authentication":{},"metaSortKey":-1670022284881,"isPrivate":false,"settingStoreCookies":true,"settingSendCookies":true,"settingDisableRenderRequestBody":false,"settingEncodeUrl":true,"settingRebuildPath":true,"settingFollowRedirects":"global","_type":"request"},{"_id":"wrk_b8da6bb7d7714fca9693131cd6d34a7c","parentId":null,"modified":1683573697273,"created":1683573697273,"name":"API-20231-Segurança","description":"","scope":"design","_type":"workspace"},{"_id":"req_ea5ecd54b77341b2b7e807539425d68f","parentId":"wrk_b8da6bb7d7714fca9693131cd6d34a7c","modified":1670022554901,"created":1670022549501,"url":"http://localhost:8080/api/roles","name":"ROLE_MODERATOR Save","description":"","method":"POST","body":{"mimeType":"application/json","text":"{\n\t\"name\": \"ROLE_MODERATOR\"\n}"},"parameters":[],"headers":[{"name":"Content-Type","value":"application/json"}],"authentication":{},"metaSortKey":-1669921976345,"isPrivate":false,"settingStoreCookies":true,"settingSendCookies":true,"settingDisableRenderRequestBody":false,"settingEncodeUrl":true,"settingRebuildPath":true,"settingFollowRedirects":"global","_type":"request"},{"_id":"req_4ae1adcc1f87435ca176b800aa14edf0","parentId":"wrk_b8da6bb7d7714fca9693131cd6d34a7c","modified":1670022574256,"created":1670022570072,"url":"http://localhost:8080/api/roles","name":"ROLE_ADMIN Save","description":"","method":"POST","body":{"mimeType":"application/json","text":"{\n\t\"name\": \"ROLE_ADMIN\"\n}"},"parameters":[],"headers":[{"name":"Content-Type","value":"application/json"}],"authentication":{},"metaSortKey":-1669871822077,"isPrivate":false,"settingStoreCookies":true,"settingSendCookies":true,"settingDisableRenderRequestBody":false,"settingEncodeUrl":true,"settingRebuildPath":true,"settingFollowRedirects":"global","_type":"request"},{"_id":"req_8d48fa0b7d4b469f863fc45c0bd03691","parentId":"wrk_b8da6bb7d7714fca9693131cd6d34a7c","modified":1669828319936,"created":1669821667809,"url":"http://localhost:8080/api/test/all","name":"Test All","description":"","method":"GET","body":{},"parameters":[],"headers":[],"authentication":{},"metaSortKey":-1669821667809,"isPrivate":false,"settingStoreCookies":true,"settingSendCookies":true,"settingDisableRenderRequestBody":false,"settingEncodeUrl":true,"settingRebuildPath":true,"settingFollowRedirects":"global","_type":"request"},{"_id":"req_d415fef84e1b490fab9a3c9cd87f6480","parentId":"wrk_b8da6bb7d7714fca9693131cd6d34a7c","modified":1669829018218,"created":1669829013424,"url":"http://localhost:8080/api/test/user","name":"Test User Without Token","description":"","method":"GET","body":{},"parameters":[],"headers":[],"authentication":{},"metaSortKey":-1669821623411.25,"isPrivate":false,"settingStoreCookies":true,"settingSendCookies":true,"settingDisableRenderRequestBody":false,"settingEncodeUrl":true,"settingRebuildPath":true,"settingFollowRedirects":"global","_type":"request"},{"_id":"req_a68439d08d9845488122da37e35825c2","parentId":"wrk_b8da6bb7d7714fca9693131cd6d34a7c","modified":1669829197469,"created":1669828564043,"url":"http://localhost:8080/api/test/user","name":"Test Protected User With Token","description":"","method":"GET","body":{},"parameters":[],"headers":[],"authentication":{"type":"bearer","token":"eyJhbGciOiJIUzUxMiJ9.eyJzdWIiOiJ1c3VhcmlvIiwiaWF0IjoxNjY5ODI5MTc3LCJleHAiOjE2Njk5MTU1Nzd9.gopMr1zFEkT43vBgiF1PzCb3evwrMPrNR-WwbDcS_Dzy5rjlEDfsPtgvEBVgt31QW7zCxOVeFGo8an6QQMpR-w"},"metaSortKey":-1669821534615.75,"isPrivate":false,"settingStoreCookies":true,"settingSendCookies":true,"settingDisableRenderRequestBody":false,"settingEncodeUrl":true,"settingRebuildPath":true,"settingFollowRedirects":"global","_type":"request"},{"_id":"req_17c68b65687443b692e237bd00531350","parentId":"wrk_b8da6bb7d7714fca9693131cd6d34a7c","modified":1669828687118,"created":1669828634408,"url":"http://localhost:8080/api/test/mod","name":"Test Protected Moderator With Token","description":"","method":"GET","body":{},"parameters":[],"headers":[],"authentication":{"type":"bearer","token":"eyJhbGciOiJIUzUxMiJ9.eyJzdWIiOiJtb2RlcmFkb3IiLCJpYXQiOjE2Njk4Mjg2NzYsImV4cCI6MTY2OTkxNTA3Nn0.ZCQmQK8-6jxnHsCOmt8HECcLaQnMNoHY10N3xUi08OEYfGUriuKhdMB1IaPu1nAUkrihUiw4yTKvxvSHTU3afw"},"metaSortKey":-1669821512416.875,"isPrivate":false,"settingStoreCookies":true,"settingSendCookies":true,"settingDisableRenderRequestBody":false,"settingEncodeUrl":true,"settingRebuildPath":true,"settingFollowRedirects":"global","_type":"request"},{"_id":"req_5cf1a529aeae4509a45e253d6dd5b737","parentId":"wrk_b8da6bb7d7714fca9693131cd6d34a7c","modified":1669828767175,"created":1669828712641,"url":"http://localhost:8080/api/test/admin","name":"Test Protected Admin With Token","description":"","method":"GET","body":{},"parameters":[],"headers":[],"authentication":{"type":"bearer","token":"eyJhbGciOiJIUzUxMiJ9.eyJzdWIiOiJhZG1pbmlzdHJhdG9yIiwiaWF0IjoxNjY5ODI4NzUyLCJleHAiOjE2Njk5MTUxNTJ9.tvVglL_AZIqnT17JlOQBSAe_B77QvhGUdo1FP-7-C6WfldlBjReo-WrD9j302WPF5Zv5Nk6YORin8ofNHgUJmA"},"metaSortKey":-1669821501317.4375,"isPrivate":false,"settingStoreCookies":true,"settingSendCookies":true,"settingDisableRenderRequestBody":false,"settingEncodeUrl":true,"settingRebuildPath":true,"settingFollowRedirects":"global","_type":"request"},{"_id":"req_8619e15b4ee5495891c53a5f0b5de96c","parentId":"wrk_b8da6bb7d7714fca9693131cd6d34a7c","modified":1670022581407,"created":1669821490218,"url":"localhost:8080/api/auth/signup","name":"Signup Admin","description":"","method":"POST","body":{"mimeType":"application/json","text":"{\n\t\"username\" : \"administrator\",\n\t\"email\": \"admin@mail.com\",\n\t\"password\": \"12345678\",\n\t\"role\": [\"admin\"]\n}"},"parameters":[],"headers":[{"name":"Content-Type","value":"application/json"}],"authentication":{},"metaSortKey":-1669821490218,"isPrivate":false,"settingStoreCookies":true,"settingSendCookies":true,"settingDisableRenderRequestBody":false,"settingEncodeUrl":true,"settingRebuildPath":true,"settingFollowRedirects":"global","_type":"request"},{"_id":"req_88cfda103d0343cea0f36d2c669453b5","parentId":"wrk_b8da6bb7d7714fca9693131cd6d34a7c","modified":1670022692702,"created":1670021184408,"url":"localhost:8080/api/auth/signup","name":"Signup Moderator","description":"","method":"POST","body":{"mimeType":"application/json","text":"{\n\t\"username\" : \"moderator\",\n\t\"email\": \"mod@mail.com\",\n\t\"password\": \"12345678\",\n\t\"role\": [\"moderator\"]\n}"},"parameters":[],"headers":[{"name":"Content-Type","value":"application/json"}],"authentication":{},"metaSortKey":-1669820031523.5,"isPrivate":false,"settingStoreCookies":true,"settingSendCookies":true,"settingDisableRenderRequestBody":false,"settingEncodeUrl":true,"settingRebuildPath":true,"settingFollowRedirects":"global","_type":"request"},{"_id":"req_79c121c38926435d981a40fd2b1a6b33","parentId":"wrk_b8da6bb7d7714fca9693131cd6d34a7c","modified":1683634366485,"created":1670021272186,"url":"localhost:8080/api/auth/signup","name":"Signup User","description":"","method":"POST","body":{"mimeType":"application/json","text":"{\n\t\"username\" : \"user\",\n\t\"email\": \"user@mail.com\",\n\t\"password\": \"12345678\",\n\t\"role\": [\"user\"]\n}"},"parameters":[],"headers":[{"name":"Content-Type","value":"application/json"}],"authentication":{},"metaSortKey":-1669819302176.25,"isPrivate":false,"settingStoreCookies":true,"settingSendCookies":true,"settingDisableRenderRequestBody":false,"settingEncodeUrl":true,"settingRebuildPath":true,"settingFollowRedirects":"global","_type":"request"},{"_id":"req_d780e180b5e949bbbab044d48159aa63","parentId":"wrk_b8da6bb7d7714fca9693131cd6d34a7c","modified":1670022715571,"created":1669828420844,"url":"localhost:8080/api/auth/signin","name":"Signin Usuario","description":"","method":"POST","body":{"mimeType":"application/json","text":"{\n\t\"username\" : \"user\",\n\t\"password\": \"12345678\"\n}"},"parameters":[],"headers":[{"name":"Content-Type","value":"application/json"}],"authentication":{},"metaSortKey":-1669818572829,"isPrivate":false,"settingStoreCookies":true,"settingSendCookies":true,"settingDisableRenderRequestBody":false,"settingEncodeUrl":true,"settingRebuildPath":true,"settingFollowRedirects":"global","_type":"request"},{"_id":"req_101038b2a03a4345b6ff65ca9f2b63b4","parentId":"wrk_b8da6bb7d7714fca9693131cd6d34a7c","modified":1670022720918,"created":1669828668694,"url":"localhost:8080/api/auth/signin","name":"Signin Moderador","description":"","method":"POST","body":{"mimeType":"application/json","text":"{\n\t\"username\" : \"moderator\",\n\t\"password\": \"12345678\"\n}"},"parameters":[],"headers":[{"name":"Content-Type","value":"application/json"}],"authentication":{},"metaSortKey":-1669817114134.5,"isPrivate":false,"settingStoreCookies":true,"settingSendCookies":true,"settingDisableRenderRequestBody":false,"settingEncodeUrl":true,"settingRebuildPath":true,"settingFollowRedirects":"global","_type":"request"},{"_id":"req_12275f509fe542df91bd18a234512f8b","parentId":"wrk_b8da6bb7d7714fca9693131cd6d34a7c","modified":1670022724553,"created":1669828729208,"url":"localhost:8080/api/auth/signin","name":"Signin Administrador","description":"","method":"POST","body":{"mimeType":"application/json","text":"{\n\t\"username\" : \"administrator\",\n\t\"password\": \"12345678\"\n}"},"parameters":[],"headers":[{"name":"Content-Type","value":"application/json"}],"authentication":{},"metaSortKey":-1669816384787.25,"isPrivate":false,"settingStoreCookies":true,"settingSendCookies":true,"settingDisableRenderRequestBody":false,"settingEncodeUrl":true,"settingRebuildPath":true,"settingFollowRedirects":"global","_type":"request"},{"_id":"env_f59cfe219a56419782f645dfbe32f3d9","parentId":"wrk_b8da6bb7d7714fca9693131cd6d34a7c","modified":1669821474839,"created":1669821474839,"name":"Base Environment","data":{},"dataPropertyOrder":null,"color":null,"isPrivate":false,"metaSortKey":1669821474839,"_type":"environment"},{"_id":"jar_bb0f4f0319f641c1883c70e08198d278","parentId":"wrk_b8da6bb7d7714fca9693131cd6d34a7c","modified":1669821474840,"created":1669821474840,"name":"Default Jar","cookies":[],"_type":"cookie_jar"},{"_id":"spc_0b28fc7c9ed146bc8b5291787ddaa5b9","parentId":"wrk_b8da6bb7d7714fca9693131cd6d34a7c","modified":1683573697274,"created":1683573697274,"fileName":"API-20231-Segurança","contents":"","contentType":"yaml","_type":"api_spec"}]}